{"cameraMode":{"drawMode":0,"name":"Shaded","section":"Shading Mode"},"sceneLighting":true,"audioPlay":false,"sceneViewState":{"showFog":true,"showMaterialUpdate":false,"showSkybox":true,"showFlares":true,"showImageEffects":true,"showParticleSystems":true},"in2DMode":false,"pivot":{"x":168.92294311523438,"y":229.90000915527345,"z":0.0},"rotation":{"x":0.0026901322416961195,"y":-0.0009022235171869397,"z":-0.000002441796141283703,"w":-1.000001311302185},"size":22.562679290771486,"orthographic":false}